Title,URL,Summary
Events,https://eldenring.fandom.com/wiki/Category:Events,All items (20)
Events,https://eldenring.fandom.com/wiki/Category:Events#page-header,All items (20)
Events,https://eldenring.fandom.com/wiki/Category:Events?action=history,"Diff selection: Mark the radio buttons of the revisions to compare and hit enter or the button at the bottom.
Legend: (cur) = difference with latest revision, (prev) = difference with preceding revision, m = minor edit."
Events,https://eldenring.fandom.com/wiki/Category:Events?action=purge,No summary available
Events,https://eldenring.fandom.com/wiki/Category:Events?oldid=51028,All items (20)
